,country,country abbr,project,page_id,page_title,item_id,gbc
44598,United States,US,en.wikipedia,75066259,When_Life_Gives_You_Tangerines,Q117353211,332
260385,India,IN,en.wikipedia,75066259,When_Life_Gives_You_Tangerines,Q117353211,307
239384,India,IN,en.wikipedia,74329391,Twinkling_Watermelon,Q118869205,137
227021,United States,US,en.wikipedia,72646595,Weak_Hero,Q116007300,126
245380,India,IN,en.wikipedia,72646595,Weak_Hero,Q116007300,197
88118,United States,US,en.wikipedia,70220466,Alchemy_of_Souls,Q110890248,189
175119,India,IN,en.wikipedia,70220466,Alchemy_of_Souls,Q110890248,106
34749,Singapore,SG,en.wikipedia,82634871,Pursuit_of_Jade,Q138603143,161
56800,Australia,AU,en.wikipedia,82634871,Pursuit_of_Jade,Q138603143,155
150197,United Kingdom,GB,en.wikipedia,82634871,Pursuit_of_Jade,Q138603143,138
179904,Malaysia,MY,en.wikipedia,82634871,Pursuit_of_Jade,Q138603143,125
251389,India,IN,en.wikipedia,82634871,Pursuit_of_Jade,Q138603143,209
257492,Japan,JP,en.wikipedia,82634871,Pursuit_of_Jade,Q138603143,105
282573,Canada,CA,en.wikipedia,82634871,Pursuit_of_Jade,Q138603143,160
291366,United States,US,en.wikipedia,82634871,Pursuit_of_Jade,Q138603143,938
7707,India,IN,en.wikipedia,78747672,The_Trauma_Code:_Heroes_on_Call,Q124128670,102
78438,Singapore,SG,en.wikipedia,78747672,The_Trauma_Code:_Heroes_on_Call,Q124128670,140
96372,Philippines,PH,en.wikipedia,78747672,The_Trauma_Code:_Heroes_on_Call,Q124128670,160
179247,United States,US,en.wikipedia,78747672,The_Trauma_Code:_Heroes_on_Call,Q124128670,328
182019,United States,US,en.wikipedia,47975124,Reply_1988,Q19657395,212
189985,India,IN,en.wikipedia,47975124,Reply_1988,Q19657395,102
44286,United States,US,en.wikipedia,75066259,When_Life_Gives_You_Tangerines,Q117353211,318
259131,India,IN,en.wikipedia,75066259,When_Life_Gives_You_Tangerines,Q117353211,299
238258,India,IN,en.wikipedia,74329391,Twinkling_Watermelon,Q118869205,168
225928,United States,US,en.wikipedia,72646595,Weak_Hero,Q116007300,132
244244,India,IN,en.wikipedia,72646595,Weak_Hero,Q116007300,167
87603,United States,US,en.wikipedia,70220466,Alchemy_of_Souls,Q110890248,155
174275,India,IN,en.wikipedia,70220466,Alchemy_of_Souls,Q110890248,118
34600,Singapore,SG,en.wikipedia,82634871,Pursuit_of_Jade,Q138603143,211
56368,Australia,AU,en.wikipedia,82634871,Pursuit_of_Jade,Q138603143,132
149607,United Kingdom,GB,en.wikipedia,82634871,Pursuit_of_Jade,Q138603143,143
179069,Malaysia,MY,en.wikipedia,82634871,Pursuit_of_Jade,Q138603143,143
250269,India,IN,en.wikipedia,82634871,Pursuit_of_Jade,Q138603143,181
281165,Canada,CA,en.wikipedia,82634871,Pursuit_of_Jade,Q138603143,119
290001,United States,US,en.wikipedia,82634871,Pursuit_of_Jade,Q138603143,929
95840,Philippines,PH,en.wikipedia,78747672,The_Trauma_Code:_Heroes_on_Call,Q124128670,166
178387,United States,US,en.wikipedia,78747672,The_Trauma_Code:_Heroes_on_Call,Q124128670,230
181211,United States,US,en.wikipedia,47975124,Reply_1988,Q19657395,160
189168,India,IN,en.wikipedia,47975124,Reply_1988,Q19657395,119
44387,United States,US,en.wikipedia,75066259,When_Life_Gives_You_Tangerines,Q117353211,352
259578,India,IN,en.wikipedia,75066259,When_Life_Gives_You_Tangerines,Q117353211,255
238789,India,IN,en.wikipedia,74329391,Twinkling_Watermelon,Q118869205,153
226478,United States,US,en.wikipedia,72646595,Weak_Hero,Q116007300,136
244681,India,IN,en.wikipedia,72646595,Weak_Hero,Q116007300,151
87794,United States,US,en.wikipedia,70220466,Alchemy_of_Souls,Q110890248,108
174594,India,IN,en.wikipedia,70220466,Alchemy_of_Souls,Q110890248,124
34703,Singapore,SG,en.wikipedia,82634871,Pursuit_of_Jade,Q138603143,137
56592,Australia,AU,en.wikipedia,82634871,Pursuit_of_Jade,Q138603143,108
149933,United Kingdom,GB,en.wikipedia,82634871,Pursuit_of_Jade,Q138603143,127
179391,Malaysia,MY,en.wikipedia,82634871,Pursuit_of_Jade,Q138603143,101
250671,India,IN,en.wikipedia,82634871,Pursuit_of_Jade,Q138603143,187
281637,Canada,CA,en.wikipedia,82634871,Pursuit_of_Jade,Q138603143,145
290436,United States,US,en.wikipedia,82634871,Pursuit_of_Jade,Q138603143,787
178698,United States,US,en.wikipedia,78747672,The_Trauma_Code:_Heroes_on_Call,Q124128670,164
181522,United States,US,en.wikipedia,47975124,Reply_1988,Q19657395,158
189605,India,IN,en.wikipedia,47975124,Reply_1988,Q19657395,148
45087,United States,US,en.wikipedia,75066259,When_Life_Gives_You_Tangerines,Q117353211,329
263360,India,IN,en.wikipedia,75066259,When_Life_Gives_You_Tangerines,Q117353211,278
242272,India,IN,en.wikipedia,74329391,Twinkling_Watermelon,Q118869205,186
229701,United States,US,en.wikipedia,72646595,Weak_Hero,Q116007300,166
248267,India,IN,en.wikipedia,72646595,Weak_Hero,Q116007300,183
88978,United States,US,en.wikipedia,70220466,Alchemy_of_Souls,Q110890248,151
177209,India,IN,en.wikipedia,70220466,Alchemy_of_Souls,Q110890248,110
35241,Singapore,SG,en.wikipedia,82634871,Pursuit_of_Jade,Q138603143,136
57387,Australia,AU,en.wikipedia,82634871,Pursuit_of_Jade,Q138603143,107
152030,United Kingdom,GB,en.wikipedia,82634871,Pursuit_of_Jade,Q138603143,135
251372,Indonesia,ID,en.wikipedia,82634871,Pursuit_of_Jade,Q138603143,93
254321,India,IN,en.wikipedia,82634871,Pursuit_of_Jade,Q138603143,123
260462,Japan,JP,en.wikipedia,82634871,Pursuit_of_Jade,Q138603143,96
285727,Canada,CA,en.wikipedia,82634871,Pursuit_of_Jade,Q138603143,140
294648,United States,US,en.wikipedia,82634871,Pursuit_of_Jade,Q138603143,801
181343,United States,US,en.wikipedia,78747672,The_Trauma_Code:_Heroes_on_Call,Q124128670,139
90496,United States,US,en.wikipedia,62926047,Hospital_Playlist,Q83625648,94
245298,India,IN,en.wikipedia,64234659,Flower_of_Evil_(South_Korean_TV_series),Q85982056,95
184138,United States,US,en.wikipedia,47975124,Reply_1988,Q19657395,168
192261,India,IN,en.wikipedia,47975124,Reply_1988,Q19657395,111
46568,United States,US,en.wikipedia,75066259,When_Life_Gives_You_Tangerines,Q117353211,313
271445,India,IN,en.wikipedia,75066259,When_Life_Gives_You_Tangerines,Q117353211,318
112025,United States,US,en.wikipedia,74329391,Twinkling_Watermelon,Q118869205,96
249616,India,IN,en.wikipedia,74329391,Twinkling_Watermelon,Q118869205,207
236697,United States,US,en.wikipedia,72646595,Weak_Hero,Q116007300,180
255835,India,IN,en.wikipedia,72646595,Weak_Hero,Q116007300,168
91890,United States,US,en.wikipedia,70220466,Alchemy_of_Souls,Q110890248,184
182626,India,IN,en.wikipedia,70220466,Alchemy_of_Souls,Q110890248,122
36413,Singapore,SG,en.wikipedia,82634871,Pursuit_of_Jade,Q138603143,257
59249,Australia,AU,en.wikipedia,82634871,Pursuit_of_Jade,Q138603143,132
156711,United Kingdom,GB,en.wikipedia,82634871,Pursuit_of_Jade,Q138603143,129
262085,India,IN,en.wikipedia,82634871,Pursuit_of_Jade,Q138603143,179
294524,Canada,CA,en.wikipedia,82634871,Pursuit_of_Jade,Q138603143,135
303746,United States,US,en.wikipedia,82634871,Pursuit_of_Jade,Q138603143,813
186913,United States,US,en.wikipedia,78747672,The_Trauma_Code:_Heroes_on_Call,Q124128670,125
189806,United States,US,en.wikipedia,47975124,Reply_1988,Q19657395,163
49771,United States,US,en.wikipedia,75066259,When_Life_Gives_You_Tangerines,Q117353211,418
114764,Canada,CA,en.wikipedia,75066259,When_Life_Gives_You_Tangerines,Q117353211,114
290414,India,IN,en.wikipedia,75066259,When_Life_Gives_You_Tangerines,Q117353211,328
267263,India,IN,en.wikipedia,74329391,Twinkling_Watermelon,Q118869205,180
216220,Philippines,PH,en.wikipedia,72646595,Weak_Hero,Q116007300,95
253531,United States,US,en.wikipedia,72646595,Weak_Hero,Q116007300,167
273904,India,IN,en.wikipedia,72646595,Weak_Hero,Q116007300,217
323595,Indonesia,ID,en.wikipedia,72646595,Weak_Hero,Q116007300,95
97978,United States,US,en.wikipedia,70220466,Alchemy_of_Souls,Q110890248,195
194438,India,IN,en.wikipedia,70220466,Alchemy_of_Souls,Q110890248,113
38969,Singapore,SG,en.wikipedia,82634871,Pursuit_of_Jade,Q138603143,158
63257,Australia,AU,en.wikipedia,82634871,Pursuit_of_Jade,Q138603143,151
166847,United Kingdom,GB,en.wikipedia,82634871,Pursuit_of_Jade,Q138603143,173
221043,Philippines,PH,en.wikipedia,82634871,Pursuit_of_Jade,Q138603143,102
280596,India,IN,en.wikipedia,82634871,Pursuit_of_Jade,Q138603143,174
287263,Japan,JP,en.wikipedia,82634871,Pursuit_of_Jade,Q138603143,93
314853,Canada,CA,en.wikipedia,82634871,Pursuit_of_Jade,Q138603143,160
324726,United States,US,en.wikipedia,82634871,Pursuit_of_Jade,Q138603143,933
198953,United States,US,en.wikipedia,78747672,The_Trauma_Code:_Heroes_on_Call,Q124128670,163
99651,United States,US,en.wikipedia,62926047,Hospital_Playlist,Q83625648,99
202063,United States,US,en.wikipedia,47975124,Reply_1988,Q19657395,149
211028,India,IN,en.wikipedia,47975124,Reply_1988,Q19657395,130
47767,United States,US,en.wikipedia,75066259,When_Life_Gives_You_Tangerines,Q117353211,384
279204,India,IN,en.wikipedia,75066259,When_Life_Gives_You_Tangerines,Q117353211,358
114860,United States,US,en.wikipedia,74329391,Twinkling_Watermelon,Q118869205,163
257021,India,IN,en.wikipedia,74329391,Twinkling_Watermelon,Q118869205,119
207922,Philippines,PH,en.wikipedia,72646595,Weak_Hero,Q116007300,101
243800,United States,US,en.wikipedia,72646595,Weak_Hero,Q116007300,168
263350,India,IN,en.wikipedia,72646595,Weak_Hero,Q116007300,200
94296,United States,US,en.wikipedia,70220466,Alchemy_of_Souls,Q110890248,214
186944,India,IN,en.wikipedia,70220466,Alchemy_of_Souls,Q110890248,98
37431,Singapore,SG,en.wikipedia,82634871,Pursuit_of_Jade,Q138603143,168
160435,United Kingdom,GB,en.wikipedia,82634871,Pursuit_of_Jade,Q138603143,125
192061,Malaysia,MY,en.wikipedia,82634871,Pursuit_of_Jade,Q138603143,95
269722,India,IN,en.wikipedia,82634871,Pursuit_of_Jade,Q138603143,262
302834,Canada,CA,en.wikipedia,82634871,Pursuit_of_Jade,Q138603143,185
312280,United States,US,en.wikipedia,82634871,Pursuit_of_Jade,Q138603143,1136
191344,United States,US,en.wikipedia,78747672,The_Trauma_Code:_Heroes_on_Call,Q124128670,132
194328,United States,US,en.wikipedia,47975124,Reply_1988,Q19657395,166
45452,United States,US,en.wikipedia,75066259,When_Life_Gives_You_Tangerines,Q117353211,375
55382,Philippines,PH,en.wikipedia,75066259,When_Life_Gives_You_Tangerines,Q117353211,100
105031,Canada,CA,en.wikipedia,75066259,When_Life_Gives_You_Tangerines,Q117353211,110
267097,India,IN,en.wikipedia,75066259,When_Life_Gives_You_Tangerines,Q117353211,335
245715,India,IN,en.wikipedia,74329391,Twinkling_Watermelon,Q118869205,129
233097,United States,US,en.wikipedia,72646595,Weak_Hero,Q116007300,197
251803,India,IN,en.wikipedia,72646595,Weak_Hero,Q116007300,226
89662,United States,US,en.wikipedia,70220466,Alchemy_of_Souls,Q110890248,220
35566,Singapore,SG,en.wikipedia,82634871,Pursuit_of_Jade,Q138603143,131
57823,Australia,AU,en.wikipedia,82634871,Pursuit_of_Jade,Q138603143,108
153225,United Kingdom,GB,en.wikipedia,82634871,Pursuit_of_Jade,Q138603143,157
257986,India,IN,en.wikipedia,82634871,Pursuit_of_Jade,Q138603143,157
289537,Canada,CA,en.wikipedia,82634871,Pursuit_of_Jade,Q138603143,203
298432,United States,US,en.wikipedia,82634871,Pursuit_of_Jade,Q138603143,986
182675,United States,US,en.wikipedia,78747672,The_Trauma_Code:_Heroes_on_Call,Q124128670,109
91214,United States,US,en.wikipedia,62926047,Hospital_Playlist,Q83625648,108
185510,United States,US,en.wikipedia,47975124,Reply_1988,Q19657395,150
193878,India,IN,en.wikipedia,47975124,Reply_1988,Q19657395,108
45094,United States,US,en.wikipedia,75066259,When_Life_Gives_You_Tangerines,Q117353211,304
264725,India,IN,en.wikipedia,75066259,When_Life_Gives_You_Tangerines,Q117353211,362
243815,India,IN,en.wikipedia,74329391,Twinkling_Watermelon,Q118869205,149
231283,United States,US,en.wikipedia,72646595,Weak_Hero,Q116007300,147
249777,India,IN,en.wikipedia,72646595,Weak_Hero,Q116007300,190
86879,Philippines,PH,en.wikipedia,70220466,Alchemy_of_Souls,Q110890248,96
89101,United States,US,en.wikipedia,70220466,Alchemy_of_Souls,Q110890248,175
177116,India,IN,en.wikipedia,70220466,Alchemy_of_Souls,Q110890248,147
35350,Singapore,SG,en.wikipedia,82634871,Pursuit_of_Jade,Q138603143,129
57417,Australia,AU,en.wikipedia,82634871,Pursuit_of_Jade,Q138603143,126
152030,United Kingdom,GB,en.wikipedia,82634871,Pursuit_of_Jade,Q138603143,134
181997,Malaysia,MY,en.wikipedia,82634871,Pursuit_of_Jade,Q138603143,110
255772,India,IN,en.wikipedia,82634871,Pursuit_of_Jade,Q138603143,170
287065,Canada,CA,en.wikipedia,82634871,Pursuit_of_Jade,Q138603143,145
295993,United States,US,en.wikipedia,82634871,Pursuit_of_Jade,Q138603143,865
181290,United States,US,en.wikipedia,78747672,The_Trauma_Code:_Heroes_on_Call,Q124128670,90
90622,United States,US,en.wikipedia,62926047,Hospital_Playlist,Q83625648,129
184186,United States,US,en.wikipedia,47975124,Reply_1988,Q19657395,122
192454,India,IN,en.wikipedia,47975124,Reply_1988,Q19657395,97
44490,United States,US,en.wikipedia,75066259,When_Life_Gives_You_Tangerines,Q117353211,327
262072,India,IN,en.wikipedia,75066259,When_Life_Gives_You_Tangerines,Q117353211,295
107527,United States,US,en.wikipedia,74329391,Twinkling_Watermelon,Q118869205,95
241358,India,IN,en.wikipedia,74329391,Twinkling_Watermelon,Q118869205,134
228914,United States,US,en.wikipedia,72646595,Weak_Hero,Q116007300,150
247317,India,IN,en.wikipedia,72646595,Weak_Hero,Q116007300,179
88036,United States,US,en.wikipedia,70220466,Alchemy_of_Souls,Q110890248,170
34846,Singapore,SG,en.wikipedia,82634871,Pursuit_of_Jade,Q138603143,123
56681,Australia,AU,en.wikipedia,82634871,Pursuit_of_Jade,Q138603143,121
150383,United Kingdom,GB,en.wikipedia,82634871,Pursuit_of_Jade,Q138603143,107
253258,India,IN,en.wikipedia,82634871,Pursuit_of_Jade,Q138603143,207
284277,Canada,CA,en.wikipedia,82634871,Pursuit_of_Jade,Q138603143,142
293076,United States,US,en.wikipedia,82634871,Pursuit_of_Jade,Q138603143,761
179447,United States,US,en.wikipedia,78747672,The_Trauma_Code:_Heroes_on_Call,Q124128670,122
182286,United States,US,en.wikipedia,47975124,Reply_1988,Q19657395,161
190445,India,IN,en.wikipedia,47975124,Reply_1988,Q19657395,127
45691,United States,US,en.wikipedia,75066259,When_Life_Gives_You_Tangerines,Q117353211,363
268189,India,IN,en.wikipedia,75066259,When_Life_Gives_You_Tangerines,Q117353211,287
246790,India,IN,en.wikipedia,74329391,Twinkling_Watermelon,Q118869205,170
234077,United States,US,en.wikipedia,72646595,Weak_Hero,Q116007300,162
252953,India,IN,en.wikipedia,72646595,Weak_Hero,Q116007300,163
90147,United States,US,en.wikipedia,70220466,Alchemy_of_Souls,Q110890248,188
179519,India,IN,en.wikipedia,70220466,Alchemy_of_Souls,Q110890248,99
35823,Singapore,SG,en.wikipedia,82634871,Pursuit_of_Jade,Q138603143,126
58182,Australia,AU,en.wikipedia,82634871,Pursuit_of_Jade,Q138603143,125
184418,Malaysia,MY,en.wikipedia,82634871,Pursuit_of_Jade,Q138603143,90
204142,Philippines,PH,en.wikipedia,82634871,Pursuit_of_Jade,Q138603143,112
259099,India,IN,en.wikipedia,82634871,Pursuit_of_Jade,Q138603143,202
290803,Canada,CA,en.wikipedia,82634871,Pursuit_of_Jade,Q138603143,155
299823,United States,US,en.wikipedia,82634871,Pursuit_of_Jade,Q138603143,754
183715,United States,US,en.wikipedia,78747672,The_Trauma_Code:_Heroes_on_Call,Q124128670,148
91735,United States,US,en.wikipedia,62926047,Hospital_Playlist,Q83625648,106
186604,United States,US,en.wikipedia,47975124,Reply_1988,Q19657395,118
194874,India,IN,en.wikipedia,47975124,Reply_1988,Q19657395,116
47909,United States,US,en.wikipedia,75066259,When_Life_Gives_You_Tangerines,Q117353211,359
58394,Philippines,PH,en.wikipedia,75066259,When_Life_Gives_You_Tangerines,Q117353211,109
280327,India,IN,en.wikipedia,75066259,When_Life_Gives_You_Tangerines,Q117353211,337
258101,India,IN,en.wikipedia,74329391,Twinkling_Watermelon,Q118869205,114
244788,United States,US,en.wikipedia,72646595,Weak_Hero,Q116007300,191
264493,India,IN,en.wikipedia,72646595,Weak_Hero,Q116007300,168
94307,United States,US,en.wikipedia,70220466,Alchemy_of_Souls,Q110890248,139
37552,Singapore,SG,en.wikipedia,82634871,Pursuit_of_Jade,Q138603143,174
60911,Australia,AU,en.wikipedia,82634871,Pursuit_of_Jade,Q138603143,136
161041,United Kingdom,GB,en.wikipedia,82634871,Pursuit_of_Jade,Q138603143,147
192836,Malaysia,MY,en.wikipedia,82634871,Pursuit_of_Jade,Q138603143,95
213398,Philippines,PH,en.wikipedia,82634871,Pursuit_of_Jade,Q138603143,129
270811,India,IN,en.wikipedia,82634871,Pursuit_of_Jade,Q138603143,195
303933,Canada,CA,en.wikipedia,82634871,Pursuit_of_Jade,Q138603143,166
313363,United States,US,en.wikipedia,82634871,Pursuit_of_Jade,Q138603143,852
95909,United States,US,en.wikipedia,62926047,Hospital_Playlist,Q83625648,100
195165,United States,US,en.wikipedia,47975124,Reply_1988,Q19657395,168
203767,India,IN,en.wikipedia,47975124,Reply_1988,Q19657395,115
51133,United States,US,en.wikipedia,75066259,When_Life_Gives_You_Tangerines,Q117353211,376
299508,India,IN,en.wikipedia,75066259,When_Life_Gives_You_Tangerines,Q117353211,356
122942,United States,US,en.wikipedia,74329391,Twinkling_Watermelon,Q118869205,125
275649,India,IN,en.wikipedia,74329391,Twinkling_Watermelon,Q118869205,178
261396,United States,US,en.wikipedia,72646595,Weak_Hero,Q116007300,164
282433,India,IN,en.wikipedia,72646595,Weak_Hero,Q116007300,183
100750,United States,US,en.wikipedia,70220466,Alchemy_of_Souls,Q110890248,209
40129,Singapore,SG,en.wikipedia,82634871,Pursuit_of_Jade,Q138603143,202
65012,Australia,AU,en.wikipedia,82634871,Pursuit_of_Jade,Q138603143,178
171938,United Kingdom,GB,en.wikipedia,82634871,Pursuit_of_Jade,Q138603143,111
227804,Philippines,PH,en.wikipedia,82634871,Pursuit_of_Jade,Q138603143,98
289322,India,IN,en.wikipedia,82634871,Pursuit_of_Jade,Q138603143,206
324739,Canada,CA,en.wikipedia,82634871,Pursuit_of_Jade,Q138603143,171
334943,United States,US,en.wikipedia,82634871,Pursuit_of_Jade,Q138603143,951
171661,Philippines,PH,en.wikipedia,62926047,Hospital_Playlist,Q83625648,162
208155,United States,US,en.wikipedia,47975124,Reply_1988,Q19657395,149
217396,India,IN,en.wikipedia,47975124,Reply_1988,Q19657395,111
46643,United States,US,en.wikipedia,75066259,When_Life_Gives_You_Tangerines,Q117353211,411
274488,India,IN,en.wikipedia,75066259,When_Life_Gives_You_Tangerines,Q117353211,315
252695,India,IN,en.wikipedia,74329391,Twinkling_Watermelon,Q118869205,142
239647,United States,US,en.wikipedia,72646595,Weak_Hero,Q116007300,200
258982,India,IN,en.wikipedia,72646595,Weak_Hero,Q116007300,173
92244,United States,US,en.wikipedia,70220466,Alchemy_of_Souls,Q110890248,237
183468,India,IN,en.wikipedia,70220466,Alchemy_of_Souls,Q110890248,134
36547,Singapore,SG,en.wikipedia,82634871,Pursuit_of_Jade,Q138603143,161
59425,Australia,AU,en.wikipedia,82634871,Pursuit_of_Jade,Q138603143,111
157367,United Kingdom,GB,en.wikipedia,82634871,Pursuit_of_Jade,Q138603143,164
208762,Philippines,PH,en.wikipedia,82634871,Pursuit_of_Jade,Q138603143,150
265248,India,IN,en.wikipedia,82634871,Pursuit_of_Jade,Q138603143,218
297563,Canada,CA,en.wikipedia,82634871,Pursuit_of_Jade,Q138603143,234
306807,United States,US,en.wikipedia,82634871,Pursuit_of_Jade,Q138603143,942
187808,United States,US,en.wikipedia,78747672,The_Trauma_Code:_Heroes_on_Call,Q124128670,107
93797,United States,US,en.wikipedia,62926047,Hospital_Playlist,Q83625648,148
157122,Philippines,PH,en.wikipedia,62926047,Hospital_Playlist,Q83625648,94
297847,India,IN,en.wikipedia,62926047,Hospital_Playlist,Q83625648,115
190787,United States,US,en.wikipedia,47975124,Reply_1988,Q19657395,112
45137,United States,US,en.wikipedia,75066259,When_Life_Gives_You_Tangerines,Q117353211,335
55023,Philippines,PH,en.wikipedia,75066259,When_Life_Gives_You_Tangerines,Q117353211,96
264663,India,IN,en.wikipedia,75066259,When_Life_Gives_You_Tangerines,Q117353211,361
243687,India,IN,en.wikipedia,74329391,Twinkling_Watermelon,Q118869205,128
231072,United States,US,en.wikipedia,72646595,Weak_Hero,Q116007300,162
249715,India,IN,en.wikipedia,72646595,Weak_Hero,Q116007300,149
89034,United States,US,en.wikipedia,70220466,Alchemy_of_Souls,Q110890248,161
35299,Singapore,SG,en.wikipedia,82634871,Pursuit_of_Jade,Q138603143,96
57419,Australia,AU,en.wikipedia,82634871,Pursuit_of_Jade,Q138603143,98
151828,United Kingdom,GB,en.wikipedia,82634871,Pursuit_of_Jade,Q138603143,151
181853,Malaysia,MY,en.wikipedia,82634871,Pursuit_of_Jade,Q138603143,98
201338,Philippines,PH,en.wikipedia,82634871,Pursuit_of_Jade,Q138603143,98
255743,India,IN,en.wikipedia,82634871,Pursuit_of_Jade,Q138603143,334
286888,Canada,CA,en.wikipedia,82634871,Pursuit_of_Jade,Q138603143,168
295732,United States,US,en.wikipedia,82634871,Pursuit_of_Jade,Q138603143,801
181143,United States,US,en.wikipedia,78747672,The_Trauma_Code:_Heroes_on_Call,Q124128670,106
90564,United States,US,en.wikipedia,62926047,Hospital_Playlist,Q83625648,111
184021,United States,US,en.wikipedia,47975124,Reply_1988,Q19657395,111
192160,India,IN,en.wikipedia,47975124,Reply_1988,Q19657395,98
44776,United States,US,en.wikipedia,75066259,When_Life_Gives_You_Tangerines,Q117353211,393
263722,India,IN,en.wikipedia,75066259,When_Life_Gives_You_Tangerines,Q117353211,309
242663,India,IN,en.wikipedia,74329391,Twinkling_Watermelon,Q118869205,151
230031,United States,US,en.wikipedia,72646595,Weak_Hero,Q116007300,182
248773,India,IN,en.wikipedia,72646595,Weak_Hero,Q116007300,116
88728,United States,US,en.wikipedia,70220466,Alchemy_of_Souls,Q110890248,185
176266,India,IN,en.wikipedia,70220466,Alchemy_of_Souls,Q110890248,104
34634,Germany,DE,en.wikipedia,82634871,Pursuit_of_Jade,Q138603143,91
35000,Singapore,SG,en.wikipedia,82634871,Pursuit_of_Jade,Q138603143,116
57056,Australia,AU,en.wikipedia,82634871,Pursuit_of_Jade,Q138603143,99
151225,United Kingdom,GB,en.wikipedia,82634871,Pursuit_of_Jade,Q138603143,92
254803,India,IN,en.wikipedia,82634871,Pursuit_of_Jade,Q138603143,313
285916,Canada,CA,en.wikipedia,82634871,Pursuit_of_Jade,Q138603143,127
294851,United States,US,en.wikipedia,82634871,Pursuit_of_Jade,Q138603143,843
90219,United States,US,en.wikipedia,62926047,Hospital_Playlist,Q83625648,100
183280,United States,US,en.wikipedia,47975124,Reply_1988,Q19657395,142
45005,United States,US,en.wikipedia,75066259,When_Life_Gives_You_Tangerines,Q117353211,405
104079,Canada,CA,en.wikipedia,75066259,When_Life_Gives_You_Tangerines,Q117353211,92
264371,India,IN,en.wikipedia,75066259,When_Life_Gives_You_Tangerines,Q117353211,289
243318,India,IN,en.wikipedia,74329391,Twinkling_Watermelon,Q118869205,155
230722,United States,US,en.wikipedia,72646595,Weak_Hero,Q116007300,134
249308,India,IN,en.wikipedia,72646595,Weak_Hero,Q116007300,135
88879,United States,US,en.wikipedia,70220466,Alchemy_of_Souls,Q110890248,147
35209,Singapore,SG,en.wikipedia,82634871,Pursuit_of_Jade,Q138603143,136
57272,Australia,AU,en.wikipedia,82634871,Pursuit_of_Jade,Q138603143,93
151632,United Kingdom,GB,en.wikipedia,82634871,Pursuit_of_Jade,Q138603143,117
201069,Philippines,PH,en.wikipedia,82634871,Pursuit_of_Jade,Q138603143,117
255406,India,IN,en.wikipedia,82634871,Pursuit_of_Jade,Q138603143,225
286770,Canada,CA,en.wikipedia,82634871,Pursuit_of_Jade,Q138603143,132
295678,United States,US,en.wikipedia,82634871,Pursuit_of_Jade,Q138603143,789
183766,United States,US,en.wikipedia,47975124,Reply_1988,Q19657395,124
44225,United States,US,en.wikipedia,75066259,When_Life_Gives_You_Tangerines,Q117353211,288
53955,Philippines,PH,en.wikipedia,75066259,When_Life_Gives_You_Tangerines,Q117353211,127
259645,India,IN,en.wikipedia,75066259,When_Life_Gives_You_Tangerines,Q117353211,260
238955,India,IN,en.wikipedia,74329391,Twinkling_Watermelon,Q118869205,142
226707,United States,US,en.wikipedia,72646595,Weak_Hero,Q116007300,121
244959,India,IN,en.wikipedia,72646595,Weak_Hero,Q116007300,115
87244,United States,US,en.wikipedia,70220466,Alchemy_of_Souls,Q110890248,135
34568,Singapore,SG,en.wikipedia,82634871,Pursuit_of_Jade,Q138603143,165
56360,Australia,AU,en.wikipedia,82634871,Pursuit_of_Jade,Q138603143,113
149108,United Kingdom,GB,en.wikipedia,82634871,Pursuit_of_Jade,Q138603143,102
178508,Malaysia,MY,en.wikipedia,82634871,Pursuit_of_Jade,Q138603143,127
197587,Philippines,PH,en.wikipedia,82634871,Pursuit_of_Jade,Q138603143,115
250882,India,IN,en.wikipedia,82634871,Pursuit_of_Jade,Q138603143,222
281455,Canada,CA,en.wikipedia,82634871,Pursuit_of_Jade,Q138603143,125
290251,United States,US,en.wikipedia,82634871,Pursuit_of_Jade,Q138603143,787
180603,United States,US,en.wikipedia,47975124,Reply_1988,Q19657395,107
188611,India,IN,en.wikipedia,47975124,Reply_1988,Q19657395,105
45969,United States,US,en.wikipedia,75066259,When_Life_Gives_You_Tangerines,Q117353211,315
269625,India,IN,en.wikipedia,75066259,When_Life_Gives_You_Tangerines,Q117353211,225
248119,India,IN,en.wikipedia,74329391,Twinkling_Watermelon,Q118869205,160
235406,United States,US,en.wikipedia,72646595,Weak_Hero,Q116007300,129
254325,India,IN,en.wikipedia,72646595,Weak_Hero,Q116007300,141
90689,United States,US,en.wikipedia,70220466,Alchemy_of_Souls,Q110890248,140
180252,India,IN,en.wikipedia,70220466,Alchemy_of_Souls,Q110890248,93
36057,Singapore,SG,en.wikipedia,82634871,Pursuit_of_Jade,Q138603143,170
58616,Australia,AU,en.wikipedia,82634871,Pursuit_of_Jade,Q138603143,103
154755,United Kingdom,GB,en.wikipedia,82634871,Pursuit_of_Jade,Q138603143,122
185176,Malaysia,MY,en.wikipedia,82634871,Pursuit_of_Jade,Q138603143,112
260496,India,IN,en.wikipedia,82634871,Pursuit_of_Jade,Q138603143,237
292163,Canada,CA,en.wikipedia,82634871,Pursuit_of_Jade,Q138603143,152
301260,United States,US,en.wikipedia,82634871,Pursuit_of_Jade,Q138603143,774
195744,India,IN,en.wikipedia,47975124,Reply_1988,Q19657395,101
49634,United States,US,en.wikipedia,75066259,When_Life_Gives_You_Tangerines,Q117353211,400
60466,Philippines,PH,en.wikipedia,75066259,When_Life_Gives_You_Tangerines,Q117353211,101
114457,Canada,CA,en.wikipedia,75066259,When_Life_Gives_You_Tangerines,Q117353211,93
289919,India,IN,en.wikipedia,75066259,When_Life_Gives_You_Tangerines,Q117353211,327
266862,India,IN,en.wikipedia,74329391,Twinkling_Watermelon,Q118869205,148
253080,United States,US,en.wikipedia,72646595,Weak_Hero,Q116007300,179
273534,India,IN,en.wikipedia,72646595,Weak_Hero,Q116007300,133
97794,United States,US,en.wikipedia,70220466,Alchemy_of_Souls,Q110890248,187
38958,Singapore,SG,en.wikipedia,82634871,Pursuit_of_Jade,Q138603143,170
63125,Australia,AU,en.wikipedia,82634871,Pursuit_of_Jade,Q138603143,152
166568,United Kingdom,GB,en.wikipedia,82634871,Pursuit_of_Jade,Q138603143,150
220578,Philippines,PH,en.wikipedia,82634871,Pursuit_of_Jade,Q138603143,93
280152,India,IN,en.wikipedia,82634871,Pursuit_of_Jade,Q138603143,202
314275,Canada,CA,en.wikipedia,82634871,Pursuit_of_Jade,Q138603143,153
324073,United States,US,en.wikipedia,82634871,Pursuit_of_Jade,Q138603143,866
99473,United States,US,en.wikipedia,62926047,Hospital_Playlist,Q83625648,137
201573,United States,US,en.wikipedia,47975124,Reply_1988,Q19657395,149
210482,India,IN,en.wikipedia,47975124,Reply_1988,Q19657395,90
46605,United States,US,en.wikipedia,75066259,When_Life_Gives_You_Tangerines,Q117353211,320
272258,India,IN,en.wikipedia,75066259,When_Life_Gives_You_Tangerines,Q117353211,242
250322,India,IN,en.wikipedia,74329391,Twinkling_Watermelon,Q118869205,98
237291,United States,US,en.wikipedia,72646595,Weak_Hero,Q116007300,187
256629,India,IN,en.wikipedia,72646595,Weak_Hero,Q116007300,128
92040,United States,US,en.wikipedia,70220466,Alchemy_of_Souls,Q110890248,218
183068,India,IN,en.wikipedia,70220466,Alchemy_of_Souls,Q110890248,101
36490,Singapore,SG,en.wikipedia,82634871,Pursuit_of_Jade,Q138603143,156
59357,Australia,AU,en.wikipedia,82634871,Pursuit_of_Jade,Q138603143,103
157076,United Kingdom,GB,en.wikipedia,82634871,Pursuit_of_Jade,Q138603143,121
208218,Philippines,PH,en.wikipedia,82634871,Pursuit_of_Jade,Q138603143,120
262926,India,IN,en.wikipedia,82634871,Pursuit_of_Jade,Q138603143,238
295325,Canada,CA,en.wikipedia,82634871,Pursuit_of_Jade,Q138603143,142
304593,United States,US,en.wikipedia,82634871,Pursuit_of_Jade,Q138603143,874
93633,United States,US,en.wikipedia,62926047,Hospital_Playlist,Q83625648,90
190222,United States,US,en.wikipedia,47975124,Reply_1988,Q19657395,113
44945,United States,US,en.wikipedia,75066259,When_Life_Gives_You_Tangerines,Q117353211,280
54818,Philippines,PH,en.wikipedia,75066259,When_Life_Gives_You_Tangerines,Q117353211,108
263487,India,IN,en.wikipedia,75066259,When_Life_Gives_You_Tangerines,Q117353211,249
242384,India,IN,en.wikipedia,74329391,Twinkling_Watermelon,Q118869205,118
229871,United States,US,en.wikipedia,72646595,Weak_Hero,Q116007300,147
248416,India,IN,en.wikipedia,72646595,Weak_Hero,Q116007300,132
89076,United States,US,en.wikipedia,70220466,Alchemy_of_Souls,Q110890248,143
35197,Singapore,SG,en.wikipedia,82634871,Pursuit_of_Jade,Q138603143,172
57312,Australia,AU,en.wikipedia,82634871,Pursuit_of_Jade,Q138603143,146
151988,United Kingdom,GB,en.wikipedia,82634871,Pursuit_of_Jade,Q138603143,131
182089,Malaysia,MY,en.wikipedia,82634871,Pursuit_of_Jade,Q138603143,122
254469,India,IN,en.wikipedia,82634871,Pursuit_of_Jade,Q138603143,166
285805,Canada,CA,en.wikipedia,82634871,Pursuit_of_Jade,Q138603143,170
294776,United States,US,en.wikipedia,82634871,Pursuit_of_Jade,Q138603143,816
90580,United States,US,en.wikipedia,62926047,Hospital_Playlist,Q83625648,117
184218,United States,US,en.wikipedia,47975124,Reply_1988,Q19657395,148
45086,United States,US,en.wikipedia,75066259,When_Life_Gives_You_Tangerines,Q117353211,303
263891,India,IN,en.wikipedia,75066259,When_Life_Gives_You_Tangerines,Q117353211,278
242810,India,IN,en.wikipedia,74329391,Twinkling_Watermelon,Q118869205,148
230179,United States,US,en.wikipedia,72646595,Weak_Hero,Q116007300,166
248869,India,IN,en.wikipedia,72646595,Weak_Hero,Q116007300,188
89229,United States,US,en.wikipedia,70220466,Alchemy_of_Souls,Q110890248,154
177529,India,IN,en.wikipedia,70220466,Alchemy_of_Souls,Q110890248,129
35268,Singapore,SG,en.wikipedia,82634871,Pursuit_of_Jade,Q138603143,128
254886,India,IN,en.wikipedia,82634871,Pursuit_of_Jade,Q138603143,204
286282,Canada,CA,en.wikipedia,82634871,Pursuit_of_Jade,Q138603143,106
295230,United States,US,en.wikipedia,82634871,Pursuit_of_Jade,Q138603143,783
90761,United States,US,en.wikipedia,62926047,Hospital_Playlist,Q83625648,99
184538,United States,US,en.wikipedia,47975124,Reply_1988,Q19657395,111
43818,United States,US,en.wikipedia,75066259,When_Life_Gives_You_Tangerines,Q117353211,347
255961,India,IN,en.wikipedia,75066259,When_Life_Gives_You_Tangerines,Q117353211,343
235323,India,IN,en.wikipedia,74329391,Twinkling_Watermelon,Q118869205,178
223091,United States,US,en.wikipedia,72646595,Weak_Hero,Q116007300,153
241269,India,IN,en.wikipedia,72646595,Weak_Hero,Q116007300,134
86617,United States,US,en.wikipedia,70220466,Alchemy_of_Souls,Q110890248,163
171988,India,IN,en.wikipedia,70220466,Alchemy_of_Souls,Q110890248,146
34263,Singapore,SG,en.wikipedia,82634871,Pursuit_of_Jade,Q138603143,190
55718,Australia,AU,en.wikipedia,82634871,Pursuit_of_Jade,Q138603143,135
147654,United Kingdom,GB,en.wikipedia,82634871,Pursuit_of_Jade,Q138603143,104
176638,Malaysia,MY,en.wikipedia,82634871,Pursuit_of_Jade,Q138603143,114
247205,India,IN,en.wikipedia,82634871,Pursuit_of_Jade,Q138603143,197
277679,Canada,CA,en.wikipedia,82634871,Pursuit_of_Jade,Q138603143,140
286338,United States,US,en.wikipedia,82634871,Pursuit_of_Jade,Q138603143,809
88173,United States,US,en.wikipedia,62926047,Hospital_Playlist,Q83625648,104
178733,United States,US,en.wikipedia,47975124,Reply_1988,Q19657395,161
43540,United States,US,en.wikipedia,75066259,When_Life_Gives_You_Tangerines,Q117353211,249
255902,India,IN,en.wikipedia,75066259,When_Life_Gives_You_Tangerines,Q117353211,285
105176,United States,US,en.wikipedia,74329391,Twinkling_Watermelon,Q118869205,92
235455,India,IN,en.wikipedia,74329391,Twinkling_Watermelon,Q118869205,152
223352,United States,US,en.wikipedia,72646595,Weak_Hero,Q116007300,140
241380,India,IN,en.wikipedia,72646595,Weak_Hero,Q116007300,146
86066,United States,US,en.wikipedia,70220466,Alchemy_of_Souls,Q110890248,128
171102,India,IN,en.wikipedia,70220466,Alchemy_of_Souls,Q110890248,98
34001,Singapore,SG,en.wikipedia,82634871,Pursuit_of_Jade,Q138603143,155
55408,Australia,AU,en.wikipedia,82634871,Pursuit_of_Jade,Q138603143,131
146856,United Kingdom,GB,en.wikipedia,82634871,Pursuit_of_Jade,Q138603143,127
247211,India,IN,en.wikipedia,82634871,Pursuit_of_Jade,Q138603143,199
277499,Canada,CA,en.wikipedia,82634871,Pursuit_of_Jade,Q138603143,148
286176,United States,US,en.wikipedia,82634871,Pursuit_of_Jade,Q138603143,739
177876,United States,US,en.wikipedia,47975124,Reply_1988,Q19657395,140
185751,India,IN,en.wikipedia,47975124,Reply_1988,Q19657395,90
45755,United States,US,en.wikipedia,75066259,When_Life_Gives_You_Tangerines,Q117353211,341
269723,India,IN,en.wikipedia,75066259,When_Life_Gives_You_Tangerines,Q117353211,290
197152,Malaysia,MY,en.wikipedia,74329391,Twinkling_Watermelon,Q118869205,94
248420,India,IN,en.wikipedia,74329391,Twinkling_Watermelon,Q118869205,147
235701,United States,US,en.wikipedia,72646595,Weak_Hero,Q116007300,147
254577,India,IN,en.wikipedia,72646595,Weak_Hero,Q116007300,135
90417,United States,US,en.wikipedia,70220466,Alchemy_of_Souls,Q110890248,143
179917,India,IN,en.wikipedia,70220466,Alchemy_of_Souls,Q110890248,121
35793,Singapore,SG,en.wikipedia,82634871,Pursuit_of_Jade,Q138603143,174
58276,Australia,AU,en.wikipedia,82634871,Pursuit_of_Jade,Q138603143,154
154415,United Kingdom,GB,en.wikipedia,82634871,Pursuit_of_Jade,Q138603143,119
204730,Philippines,PH,en.wikipedia,82634871,Pursuit_of_Jade,Q138603143,127
260658,India,IN,en.wikipedia,82634871,Pursuit_of_Jade,Q138603143,231
292280,Canada,CA,en.wikipedia,82634871,Pursuit_of_Jade,Q138603143,158
301373,United States,US,en.wikipedia,82634871,Pursuit_of_Jade,Q138603143,866
92032,United States,US,en.wikipedia,62926047,Hospital_Playlist,Q83625648,127
186964,United States,US,en.wikipedia,47975124,Reply_1988,Q19657395,122
48881,United States,US,en.wikipedia,75066259,When_Life_Gives_You_Tangerines,Q117353211,452
59540,Philippines,PH,en.wikipedia,75066259,When_Life_Gives_You_Tangerines,Q117353211,95
113279,Canada,CA,en.wikipedia,75066259,When_Life_Gives_You_Tangerines,Q117353211,113
288576,India,IN,en.wikipedia,75066259,When_Life_Gives_You_Tangerines,Q117353211,270
72710,Philippines,PH,en.wikipedia,74329391,Twinkling_Watermelon,Q118869205,108
117995,United States,US,en.wikipedia,74329391,Twinkling_Watermelon,Q118869205,116
265528,India,IN,en.wikipedia,74329391,Twinkling_Watermelon,Q118869205,154
251860,United States,US,en.wikipedia,72646595,Weak_Hero,Q116007300,191
272181,India,IN,en.wikipedia,72646595,Weak_Hero,Q116007300,157
94219,Philippines,PH,en.wikipedia,70220466,Alchemy_of_Souls,Q110890248,90
96572,United States,US,en.wikipedia,70220466,Alchemy_of_Souls,Q110890248,170
192196,India,IN,en.wikipedia,70220466,Alchemy_of_Souls,Q110890248,110
38223,Singapore,SG,en.wikipedia,82634871,Pursuit_of_Jade,Q138603143,166
62161,Australia,AU,en.wikipedia,82634871,Pursuit_of_Jade,Q138603143,137
164940,United Kingdom,GB,en.wikipedia,82634871,Pursuit_of_Jade,Q138603143,131
197386,Malaysia,MY,en.wikipedia,82634871,Pursuit_of_Jade,Q138603143,96
218578,Philippines,PH,en.wikipedia,82634871,Pursuit_of_Jade,Q138603143,103
278841,India,IN,en.wikipedia,82634871,Pursuit_of_Jade,Q138603143,164
312833,Canada,CA,en.wikipedia,82634871,Pursuit_of_Jade,Q138603143,162
322589,United States,US,en.wikipedia,82634871,Pursuit_of_Jade,Q138603143,929
98302,United States,US,en.wikipedia,62926047,Hospital_Playlist,Q83625648,114
199668,United States,US,en.wikipedia,47975124,Reply_1988,Q19657395,145
46497,United States,US,en.wikipedia,75066259,When_Life_Gives_You_Tangerines,Q117353211,420
56647,Philippines,PH,en.wikipedia,75066259,When_Life_Gives_You_Tangerines,Q117353211,102
273776,India,IN,en.wikipedia,75066259,When_Life_Gives_You_Tangerines,Q117353211,303
112119,United States,US,en.wikipedia,74329391,Twinkling_Watermelon,Q118869205,115
252094,India,IN,en.wikipedia,74329391,Twinkling_Watermelon,Q118869205,183
226068,Turks and Caicos Islands,TC,en.wikipedia,72646595,Weak_Hero,Q116007300,90
239251,United States,US,en.wikipedia,72646595,Weak_Hero,Q116007300,178
258341,India,IN,en.wikipedia,72646595,Weak_Hero,Q116007300,120
91751,United States,US,en.wikipedia,70220466,Alchemy_of_Souls,Q110890248,219
182611,India,IN,en.wikipedia,70220466,Alchemy_of_Souls,Q110890248,133
36304,Singapore,SG,en.wikipedia,82634871,Pursuit_of_Jade,Q138603143,140
59183,Australia,AU,en.wikipedia,82634871,Pursuit_of_Jade,Q138603143,117
156614,United Kingdom,GB,en.wikipedia,82634871,Pursuit_of_Jade,Q138603143,117
187572,Malaysia,MY,en.wikipedia,82634871,Pursuit_of_Jade,Q138603143,100
264575,India,IN,en.wikipedia,82634871,Pursuit_of_Jade,Q138603143,230
296890,Canada,CA,en.wikipedia,82634871,Pursuit_of_Jade,Q138603143,164
306083,United States,US,en.wikipedia,82634871,Pursuit_of_Jade,Q138603143,880
93375,United States,US,en.wikipedia,62926047,Hospital_Playlist,Q83625648,103
189773,United States,US,en.wikipedia,47975124,Reply_1988,Q19657395,167
198214,India,IN,en.wikipedia,47975124,Reply_1988,Q19657395,96
43923,United States,US,en.wikipedia,75066259,When_Life_Gives_You_Tangerines,Q117353211,384
101767,Canada,CA,en.wikipedia,75066259,When_Life_Gives_You_Tangerines,Q117353211,111
258459,India,IN,en.wikipedia,75066259,When_Life_Gives_You_Tangerines,Q117353211,328
105999,United States,US,en.wikipedia,74329391,Twinkling_Watermelon,Q118869205,90
238085,India,IN,en.wikipedia,74329391,Twinkling_Watermelon,Q118869205,165
225983,United States,US,en.wikipedia,72646595,Weak_Hero,Q116007300,117
86833,United States,US,en.wikipedia,70220466,Alchemy_of_Souls,Q110890248,120
172484,India,IN,en.wikipedia,70220466,Alchemy_of_Souls,Q110890248,113
34381,Singapore,SG,en.wikipedia,82634871,Pursuit_of_Jade,Q138603143,123
147966,United Kingdom,GB,en.wikipedia,82634871,Pursuit_of_Jade,Q138603143,132
249745,India,IN,en.wikipedia,82634871,Pursuit_of_Jade,Q138603143,164
280312,Canada,CA,en.wikipedia,82634871,Pursuit_of_Jade,Q138603143,132
288955,United States,US,en.wikipedia,82634871,Pursuit_of_Jade,Q138603143,780
179219,United States,US,en.wikipedia,47975124,Reply_1988,Q19657395,117
42989,United States,US,en.wikipedia,75066259,When_Life_Gives_You_Tangerines,Q117353211,341
99420,Canada,CA,en.wikipedia,75066259,When_Life_Gives_You_Tangerines,Q117353211,91
251794,India,IN,en.wikipedia,75066259,When_Life_Gives_You_Tangerines,Q117353211,321
231649,India,IN,en.wikipedia,74329391,Twinkling_Watermelon,Q118869205,136
219680,United States,US,en.wikipedia,72646595,Weak_Hero,Q116007300,118
237434,India,IN,en.wikipedia,72646595,Weak_Hero,Q116007300,136
84814,United States,US,en.wikipedia,70220466,Alchemy_of_Souls,Q110890248,153
33606,Singapore,SG,en.wikipedia,82634871,Pursuit_of_Jade,Q138603143,99
144561,United Kingdom,GB,en.wikipedia,82634871,Pursuit_of_Jade,Q138603143,104
243139,India,IN,en.wikipedia,82634871,Pursuit_of_Jade,Q138603143,210
273001,Canada,CA,en.wikipedia,82634871,Pursuit_of_Jade,Q138603143,142
281472,United States,US,en.wikipedia,82634871,Pursuit_of_Jade,Q138603143,783
172382,United States,US,en.wikipedia,78747672,The_Trauma_Code:_Heroes_on_Call,Q124128670,91
86276,United States,US,en.wikipedia,62926047,Hospital_Playlist,Q83625648,107
175020,United States,US,en.wikipedia,47975124,Reply_1988,Q19657395,124
182848,India,IN,en.wikipedia,47975124,Reply_1988,Q19657395,101
